,average,close,date,high,low,marketAverage,marketClose,marketHigh,marketLow,marketNotional,marketNumberOfTrades,marketOpen,marketVolume,notional,numberOfTrades,open,region,symbol,volume,minute,label,changeOverTime,marketChangeOverTime
0,92.8912,93.0,2022-10-24,93.0,92.83,92.93,92.97,93.005,92.82,31095077.99,1555,92.82,334762,269384.5,10.0,92.83,US,TLT,2900.0,09:30,09:30 AM,-93.8912,-0.008429364063166795
1,92.98,92.98,2022-10-24,92.98,92.98,93.01,92.93,93.07,92.93,8704541.79,809,92.9787,93590,9298.0,1.0,92.98,US,TLT,100.0,09:31,09:31 AM,-93.98,-0.007575757575757509
2,,,2022-10-24,,,92.92,92.9301,92.98,92.84,6310387.49,589,92.93,67915,,,,US,TLT,,09:32,09:32 AM,,-0.008536064874093013
3,92.8822,92.81,2022-10-24,92.91,92.81,92.87,92.81,92.93,92.7982,10084915.08,772,92.93,108594,269358.5,22.0,92.9,US,TLT,2900.0,09:33,09:33 AM,-93.8822,-0.009069568928723798
4,92.7804,92.76,2022-10-24,92.83,92.75,92.79,92.85,92.86,92.74,8584827.13,828,92.81,92518,111336.5,10.0,92.83,US,TLT,1200.0,09:34,09:34 AM,-93.7804,-0.009923175416133084
5,92.833,92.82,2022-10-24,92.88,92.8,92.83,92.84,92.885,92.79,5220969.09,516,92.84,56240,185666.0,19.0,92.8,US,TLT,2000.0,09:35,09:35 AM,-93.833,-0.009496372172428517
6,,,2022-10-24,,,92.86,92.83,92.89,92.825,5263444.23,550,92.845,56686,,,,US,TLT,,09:36,09:36 AM,,-0.009176269739650016
7,92.853,92.83,2022-10-24,92.88,92.83,92.84,92.83,92.87,92.81,6365958.24,533,92.83,68571,204276.5,20.0,92.83,US,TLT,2200.0,09:37,09:37 AM,-93.853,-0.009389671361502299
8,92.8394,92.825,2022-10-24,92.87,92.81,92.8,92.7949,92.84,92.78,3247942.49,353,92.8256,34998,241382.5,23.0,92.83,US,TLT,2600.0,09:38,09:38 AM,-93.8394,-0.009816474605207019
9,92.7274,92.675,2022-10-24,92.79,92.665,92.72,92.67,92.8,92.64,12050643.23,952,92.8,129967,231818.5,11.0,92.79,US,TLT,2500.0,09:39,09:39 AM,-93.7274,-0.010670081092616303
10,92.5716,92.54,2022-10-24,92.65,92.53,92.58,92.53,92.7654,92.53,11517422.47,1177,92.66,124404,231429.0,23.0,92.65,US,TLT,2500.0,09:40,09:40 AM,-93.5716,-0.012163892445582592
11,92.5149,92.53,2022-10-24,92.56,92.49,92.52,92.53,92.7112,92.48,9672029.47,1047,92.53,104545,314550.5,26.0,92.53,US,TLT,3400.0,09:41,09:41 AM,-93.5149,-0.012804097311139595
12,92.4668,92.44,2022-10-24,92.5,92.44,92.47,92.44,92.53,92.435,7354851.54,773,92.53,79537,157193.5,17.0,92.48,US,TLT,1700.0,09:42,09:42 AM,-93.4668,-0.01333760136577038
13,,,2022-10-24,,,92.38,92.35,92.5539,92.33,11448565.23,1205,92.44,123924,,,,US,TLT,,09:43,09:43 AM,,-0.014297908664105883
14,92.3816,92.35,2022-10-24,92.46,92.33,92.36,92.34,92.4,92.33,28931008.4,2076,92.3593,313238,286383.0,29.0,92.45,US,TLT,3100.0,09:44,09:44 AM,-93.3816,-0.014511310285958168
15,92.6076,92.74,2022-10-24,92.745,92.35,92.65,92.7433,92.79,92.345,84550558.3,7165,92.35,912534,1741022.5,78.0,92.35,US,TLT,18800.0,09:45,09:45 AM,-93.6076,-0.011416986769099373
16,92.8621,92.93,2022-10-24,92.97,92.745,92.84,92.89,92.99,92.74,26304184.38,2582,92.74,283325,445738.0,24.0,92.745,US,TLT,4800.0,09:46,09:46 AM,-93.8621,-0.009389671361502299
17,92.9069,92.8,2022-10-24,92.95,92.8,92.9,92.82,92.96,92.8,19636541.47,1639,92.89,211381,343755.5,35.0,92.92,US,TLT,3700.0,09:47,09:47 AM,-93.9069,-0.008749466495945296
18,92.7069,92.7,2022-10-24,92.8,92.675,92.73,92.7,92.825,92.6508,33951874.68,2337,92.82,366147,862174.0,60.0,92.8,US,TLT,9300.0,09:48,09:48 AM,-93.7069,-0.010563380281690087
19,92.7045,92.7,2022-10-24,92.72,92.64,92.71,92.68,92.745,92.625,44409373.88,2370,92.695,478996,278113.5,25.0,92.71,US,TLT,3000.0,09:49,09:49 AM,-93.7045,-0.010776781903542521
20,92.744,92.84,2022-10-24,92.84,92.73,92.74,92.84,92.84,92.658,10608987.95,898,92.689,114397,139116.0,6.0,92.73,US,TLT,1500.0,09:50,09:50 AM,-93.744,-0.01045667947076402
21,92.8357,92.87,2022-10-24,92.87,92.815,92.84,92.83,92.88,92.77,5207117.44,488,92.84,56088,139253.5,5.0,92.86,US,TLT,1500.0,09:51,09:51 AM,-93.8357,-0.009389671361502299
22,92.84,92.84,2022-10-24,92.84,92.84,92.84,92.86,92.87,92.7447,3939317.32,381,92.84,42434,37136.0,4.0,92.84,US,TLT,400.0,09:52,09:52 AM,-93.84,-0.009389671361502299
23,92.8606,92.87,2022-10-24,92.87,92.81,92.85,92.855,92.88,92.81,8703221.87,658,92.86,93726,83574.5,5.0,92.865,US,TLT,900.0,09:53,09:53 AM,-93.8606,-0.009282970550576234
24,92.9339,92.94,2022-10-24,92.94,92.875,92.89,92.94,92.94,92.8187,8423564.06,809,92.85,90682,167281.0,9.0,92.875,US,TLT,1800.0,09:54,09:54 AM,-93.9339,-0.008856167306871514
25,93.024,93.05,2022-10-24,93.07,92.96,93.01,93.04,93.08,92.8542,12296461.85,1063,92.94,132197,139536.0,15.0,92.96,US,TLT,1500.0,09:55,09:55 AM,-94.024,-0.007575757575757509
26,92.93,92.82,2022-10-24,93.02,92.8,92.91,92.83,93.05,92.78,12045346.82,862,93.05,129620,223032.0,12.0,93.02,US,TLT,2400.0,09:56,09:56 AM,-93.93,-0.00864276568501923
27,,,2022-10-24,,,92.82,92.75,92.9,92.73,7161461.56,625,92.83,77149,,,,US,TLT,,09:57,09:57 AM,,-0.009603072983354733
28,92.7312,92.72,2022-10-24,92.79,92.69,92.71,92.68,92.79,92.635,8027341.84,744,92.74,86585,120550.5,13.0,92.745,US,TLT,1300.0,09:58,09:58 AM,-93.7312,-0.010776781903542521
29,92.6867,92.68,2022-10-24,92.69,92.68,92.69,92.685,92.8683,92.65,7991995.87,582,92.67,86228,27806.0,3.0,92.69,US,TLT,300.0,09:59,09:59 AM,-93.6867,-0.010990183525394805
30,92.5958,92.59,2022-10-24,92.72,92.53,92.6,92.6,92.8461,92.5,11396653.93,991,92.685,123069,175932.0,8.0,92.72,US,TLT,1900.0,10:00,10:00 AM,-93.5958,-0.011950490823730309
31,92.593,92.555,2022-10-24,92.66,92.555,92.6,92.545,92.731,92.545,6844489.81,612,92.61,73911,92593.0,10.0,92.66,US,TLT,1000.0,10:01,10:01 AM,-93.593,-0.011950490823730309
32,92.585,92.645,2022-10-24,92.645,92.55,92.6,92.58,92.65,92.54,15837457.96,1044,92.55,171009,157394.5,17.0,92.55,US,TLT,1700.0,10:02,10:02 AM,-93.585,-0.011950490823730309
33,92.52,92.47,2022-10-24,92.59,92.44,92.53,92.47,92.61,92.42,11644417.61,989,92.575,125837,92520.0,10.0,92.59,US,TLT,1000.0,10:03,10:03 AM,-93.52,-0.012697396500213377
34,92.478,92.48,2022-10-24,92.49,92.465,92.49,92.45,92.6,92.45,6302803.94,575,92.465,68145,46239.0,4.0,92.49,US,TLT,500.0,10:04,10:04 AM,-93.478,-0.013124199743918097
35,92.41,92.43,2022-10-24,92.43,92.37,92.42,92.45,92.5683,92.37,5488752.61,526,92.45,59391,73928.0,8.0,92.39,US,TLT,800.0,10:05,10:05 AM,-93.41,-0.013871105420401165
36,92.4725,92.48,2022-10-24,92.49,92.45,92.48,92.52,92.54,92.44,7221136.81,626,92.44,78077,36989.0,4.0,92.49,US,TLT,400.0,10:06,10:06 AM,-93.4725,-0.013230900554844162
37,92.4933,92.49,2022-10-24,92.53,92.46,92.51,92.48,92.5699,92.45,5853080.77,562,92.52,63272,27748.0,3.0,92.46,US,TLT,300.0,10:07,10:07 AM,-93.4933,-0.01291079812206566
38,92.42,92.42,2022-10-24,92.42,92.42,92.39,92.36,92.49,92.33,7631645.05,734,92.49,82601,9242.0,1.0,92.42,US,TLT,100.0,10:08,10:08 AM,-93.42,-0.014191207853179667
39,92.3425,92.34,2022-10-24,92.345,92.34,92.36,92.43,92.43,92.31,3952301.64,389,92.36,42791,18468.5,2.0,92.345,US,TLT,200.0,10:09,10:09 AM,-93.3425,-0.014511310285958168
40,92.4638,92.485,2022-10-24,92.485,92.4,92.44,92.46,92.49,92.38,4493427.69,308,92.42,48604,36985.5,2.0,92.4,US,TLT,400.0,10:10,10:10 AM,-93.4638,-0.013657703798548882
41,92.5447,92.59,2022-10-24,92.59,92.53,92.53,92.55,92.59,92.4526,7643043.91,559,92.47,82591,138817.0,8.0,92.53,US,TLT,1500.0,10:11,10:11 AM,-93.5447,-0.012697396500213377
42,92.5022,92.49,2022-10-24,92.58,92.49,92.54,92.47,92.59,92.47,4299666.22,420,92.54,46465,83252.0,5.0,92.58,US,TLT,900.0,10:12,10:12 AM,-93.5022,-0.01259069568928716
43,92.45,92.45,2022-10-24,92.45,92.45,92.46,92.45,92.5,92.425,2876573.53,305,92.47,31111,9245.0,1.0,92.45,US,TLT,100.0,10:13,10:13 AM,-93.45,-0.013444302176696598
44,92.515,92.53,2022-10-24,92.53,92.49,92.52,92.5542,92.555,92.4533,5456956.04,453,92.46,58981,27754.5,3.0,92.49,US,TLT,300.0,10:14,10:14 AM,-93.515,-0.012804097311139595
45,92.495,92.44,2022-10-24,92.55,92.44,92.49,92.42,92.57,92.41,5437128.9,384,92.55,58789,18499.0,2.0,92.55,US,TLT,200.0,10:15,10:15 AM,-93.495,-0.013124199743918097
46,92.1772,92.21,2022-10-24,92.27,92.14,92.21,92.16,92.4625,92.12,36305440.8,3236,92.42,393717,341055.5,25.0,92.27,US,TLT,3700.0,10:16,10:16 AM,-93.1772,-0.016111822449850672
47,92.2008,92.215,2022-10-24,92.215,92.18,92.21,92.21,92.26,92.15,8559593.17,713,92.16,92828,55320.5,6.0,92.18,US,TLT,600.0,10:17,10:17 AM,-93.2008,-0.016111822449850672
48,92.24,92.24,2022-10-24,92.24,92.24,92.25,92.28,92.3,92.2,5412747.32,455,92.2,58672,9224.0,1.0,92.24,US,TLT,100.0,10:18,10:18 AM,-93.24,-0.015685019206145956
49,,,2022-10-24,,,92.32,92.31,92.355,92.2559,5167282.03,513,92.29,55972,,,,US,TLT,,10:19,10:19 AM,,-0.014938113529662886
50,92.222,92.21,2022-10-24,92.24,92.2,92.24,92.23,92.33,92.19,6054840.73,524,92.3,65637,46111.0,5.0,92.23,US,TLT,500.0,10:20,10:20 AM,-93.222,-0.015791720017072172
51,92.14,92.14,2022-10-24,92.14,92.14,92.13,92.11,92.2299,92.08,9585516.4,712,92.2299,104044,9214.0,1.0,92.14,US,TLT,100.0,10:21,10:21 AM,-93.14,-0.01696542893725996
52,92.112,92.13,2022-10-24,92.15,92.05,92.11,92.1,92.18,92.04,36880987.53,1264,92.1,400345,138168.0,15.0,92.05,US,TLT,1500.0,10:22,10:22 AM,-93.112,-0.01717883055911224
53,92.0,91.98,2022-10-24,92.08,91.95,92.0,91.99,92.1,91.93,12611165.35,1638,92.1,137073,55200.0,6.0,92.08,US,TLT,600.0,10:23,10:23 AM,-93.0,-0.01835253947930003
54,91.9132,91.92,2022-10-24,91.97,91.87,91.94,91.91,92.0419,91.87,47510202.49,3709,91.99,516761,468757.5,32.0,91.96,US,TLT,5100.0,10:24,10:24 AM,-92.9132,-0.018992744344857034
55,91.968,91.985,2022-10-24,91.99,91.89,91.98,92.02,92.0297,91.8736,13834503.31,757,91.92,150415,183936.0,7.0,91.89,US,TLT,2000.0,10:25,10:25 AM,-92.968,-0.018565941101152315
56,91.8913,91.87,2022-10-24,91.99,91.85,91.94,91.87,92.04,91.85,12974091.1,916,92.01,141112,73513.0,8.0,91.99,US,TLT,800.0,10:26,10:26 AM,-92.8913,-0.018992744344857034
57,,,2022-10-24,,,91.93,91.95,91.98,91.875,5887710.23,569,91.875,64042,,,,US,TLT,,10:27,10:27 AM,,-0.019099445155783098
58,91.9722,92.01,2022-10-24,92.03,91.94,91.99,92.03,92.05,91.94,16809564.46,1106,91.95,182722,248325.0,26.0,91.95,US,TLT,2700.0,10:28,10:28 AM,-92.9722,-0.018459240290226248
59,92.0044,92.03,2022-10-24,92.03,91.99,92.02,92.035,92.05,91.9688,6014777.22,583,92.025,65365,82804.0,9.0,92.0,US,TLT,900.0,10:29,10:29 AM,-93.0044,-0.018139137857447748
60,,,2022-10-24,,,91.98,92.01,92.04,91.9,9933396.1,943,92.0219,107994,,,,US,TLT,,10:30,10:30 AM,,-0.018565941101152315
61,92.0414,92.1,2022-10-24,92.1,92.01,92.05,92.108,92.12,92.0,16481050.17,985,92.01,179028,303736.5,33.0,92.01,US,TLT,3300.0,10:31,10:31 AM,-93.0414,-0.017819035424669245
62,92.055,92.08,2022-10-24,92.08,92.01,92.07,92.1384,92.1384,92.01,7783207.49,656,92.1,84542,55233.0,6.0,92.07,US,TLT,600.0,10:32,10:32 AM,-93.055,-0.01760563380281696
63,,,2022-10-24,,,92.12,92.08,92.16,92.07,10704700.97,841,92.125,116208,,,,US,TLT,,10:33,10:33 AM,,-0.017072129748186025
64,92.071,92.04,2022-10-24,92.11,92.04,92.08,92.09,92.15,92.04,7015696.0,702,92.085,76189,92071.0,9.0,92.09,US,TLT,1000.0,10:34,10:34 AM,-93.071,-0.017498932991890745
65,92.155,92.15,2022-10-24,92.185,92.13,92.16,92.15,92.19,92.09,11702438.98,886,92.1,126986,460775.0,41.0,92.13,US,TLT,5000.0,10:35,10:35 AM,-93.155,-0.01664532650448146
66,92.1669,92.19,2022-10-24,92.21,92.13,92.17,92.18,92.215,92.115,10297957.7,911,92.14,111723,460834.5,43.0,92.13,US,TLT,5000.0,10:36,10:36 AM,-93.1669,-0.016538625693555242
67,92.135,92.13,2022-10-24,92.14,92.12,92.14,92.175,92.19,92.11,3083603.09,272,92.18,33466,55281.0,6.0,92.14,US,TLT,600.0,10:37,10:37 AM,-93.135,-0.016858728126333742
68,92.205,92.21,2022-10-24,92.21,92.2,92.2,92.195,92.23,92.18,4922986.03,405,92.18,53394,18441.0,2.0,92.2,US,TLT,200.0,10:38,10:38 AM,-93.205,-0.01621852326077674
69,92.1975,92.2,2022-10-24,92.2,92.195,92.21,92.2,92.23,92.185,3475617.53,368,92.2,37693,18439.5,2.0,92.195,US,TLT,200.0,10:39,10:39 AM,-93.1975,-0.016111822449850672
70,92.28,92.28,2022-10-24,92.28,92.28,92.25,92.26,92.28,92.2,4306805.17,425,92.205,46689,9228.0,1.0,92.28,US,TLT,100.0,10:40,10:40 AM,-93.28,-0.015685019206145956
71,92.205,92.17,2022-10-24,92.24,92.17,92.18,92.15,92.26,92.13,3844526.72,411,92.26,41703,18441.0,2.0,92.24,US,TLT,200.0,10:41,10:41 AM,-93.205,-0.016431924882629022
72,92.14,92.14,2022-10-24,92.14,92.14,92.16,92.2,92.21,92.13,3735267.47,295,92.16,40527,18428.0,1.0,92.14,US,TLT,200.0,10:42,10:42 AM,-93.14,-0.01664532650448146
73,92.16,92.16,2022-10-24,92.16,92.16,92.15,92.13,92.2,92.13,3813163.62,378,92.2,41378,9216.0,1.0,92.16,US,TLT,100.0,10:43,10:43 AM,-93.16,-0.016752027315407526
74,92.175,92.15,2022-10-24,92.19,92.15,92.18,92.19,92.21,92.13,3075713.43,392,92.13,33368,36870.0,4.0,92.19,US,TLT,400.0,10:44,10:44 AM,-93.175,-0.016431924882629022
75,92.14,92.14,2022-10-24,92.14,92.14,92.14,92.13,92.2,92.12,2743803.48,308,92.19,29778,18428.0,2.0,92.14,US,TLT,200.0,10:45,10:45 AM,-93.14,-0.016858728126333742
76,92.08,92.08,2022-10-24,92.08,92.08,92.07,92.035,92.15,92.01,6016567.9,517,92.15,65345,9208.0,1.0,92.08,US,TLT,100.0,10:46,10:46 AM,-93.08,-0.01760563380281696
77,92.0333,92.03,2022-10-24,92.04,92.03,92.08,92.19,92.19,92.03,3090338.36,286,92.03,33560,27610.0,3.0,92.04,US,TLT,300.0,10:47,10:47 AM,-93.0333,-0.017498932991890745
78,92.2,92.19,2022-10-24,92.23,92.19,92.22,92.1974,92.25,92.18,2449154.04,285,92.19,26557,55320.0,5.0,92.23,US,TLT,600.0,10:48,10:48 AM,-93.2,-0.016005121638924456
79,,,2022-10-24,,,92.2,92.19,92.22,92.16,3091033.44,301,92.2,33525,,,,US,TLT,,10:49,10:49 AM,,-0.01621852326077674
80,92.2584,92.29,2022-10-24,92.29,92.18,92.24,92.3,92.305,92.17,8041346.34,694,92.205,87176,267549.5,5.0,92.19,US,TLT,2900.0,10:50,10:50 AM,-93.2584,-0.015791720017072172
81,,,2022-10-24,,,92.31,92.33,92.34,92.2699,6209317.44,517,92.31,67268,,,,US,TLT,,10:51,10:51 AM,,-0.015044814340588953
82,92.3544,92.36,2022-10-24,92.37,92.34,92.35,92.36,92.39,92.31,6945886.82,734,92.34,75209,73883.5,8.0,92.34,US,TLT,800.0,10:52,10:52 AM,-93.3544,-0.014618011096884384
83,92.34,92.29,2022-10-24,92.37,92.29,92.35,92.305,92.4,92.2899,6783475.62,518,92.36,73450,27702.0,3.0,92.37,US,TLT,300.0,10:53,10:53 AM,-93.34,-0.014618011096884384
84,92.27,92.25,2022-10-24,92.29,92.25,92.23,92.23,92.295,92.18,5732571.31,571,92.29,62161,18454.0,2.0,92.29,US,TLT,200.0,10:54,10:54 AM,-93.27,-0.01589842082799824
85,92.275,92.29,2022-10-24,92.29,92.26,92.29,92.3,92.33,92.22,2606606.9,278,92.225,28243,18455.0,2.0,92.26,US,TLT,200.0,10:55,10:55 AM,-93.275,-0.015258215962441236
86,92.3067,92.32,2022-10-24,92.33,92.28,92.32,92.31,92.365,92.27,6006788.69,562,92.3,65065,55384.0,6.0,92.28,US,TLT,600.0,10:56,10:56 AM,-93.3067,-0.014938113529662886
87,92.31,92.31,2022-10-24,92.31,92.31,92.32,92.28,92.35,92.28,2918502.35,266,92.31,31614,18462.0,1.0,92.31,US,TLT,200.0,10:57,10:57 AM,-93.31,-0.014938113529662886
88,92.346,92.4,2022-10-24,92.4,92.31,92.39,92.435,92.45,92.28,6113413.91,593,92.2801,66173,46173.0,5.0,92.31,US,TLT,500.0,10:58,10:58 AM,-93.346,-0.014191207853179667
89,92.4357,92.43,2022-10-24,92.44,92.43,92.55,92.5999,92.62,92.42,16121988.35,1578,92.43,174211,64705.0,5.0,92.44,US,TLT,700.0,10:59,10:59 AM,-93.4357,-0.012483994878361094
90,92.573,92.53,2022-10-24,92.62,92.53,92.58,92.5401,92.6499,92.52,9033084.34,821,92.6,97577,92573.0,10.0,92.6,US,TLT,1000.0,11:00,11:00 AM,-93.573,-0.012163892445582592
91,,,2022-10-24,,,92.52,92.54,92.55,92.49,4065617.38,361,92.545,43946,,,,US,TLT,,11:01,11:01 AM,,-0.012804097311139595
92,92.5,92.5,2022-10-24,92.5,92.5,92.51,92.48,92.55,92.47,8896339.05,541,92.5395,96160,9250.0,1.0,92.5,US,TLT,100.0,11:02,11:02 AM,-93.5,-0.01291079812206566
93,92.4475,92.45,2022-10-24,92.45,92.445,92.48,92.4701,92.52,92.425,2953615.13,297,92.47,31938,18489.5,2.0,92.445,US,TLT,200.0,11:03,11:03 AM,-93.4475,-0.013230900554844162
94,92.3567,92.35,2022-10-24,92.36,92.35,92.37,92.34,92.46,92.31,3396337.75,337,92.46,36769,55414.0,6.0,92.36,US,TLT,600.0,11:04,11:04 AM,-93.3567,-0.01440460947503195
95,92.3525,92.345,2022-10-24,92.36,92.345,92.35,92.38,92.38,92.32,2238549.81,206,92.35,24240,36941.0,4.0,92.36,US,TLT,400.0,11:05,11:05 AM,-93.3525,-0.014618011096884384
96,92.432,92.42,2022-10-24,92.45,92.42,92.43,92.42,92.4501,92.38,7656273.21,541,92.38,82835,46216.0,5.0,92.45,US,TLT,500.0,11:06,11:06 AM,-93.432,-0.013764404609474947
97,92.45,92.43,2022-10-24,92.47,92.43,92.44,92.44,92.48,92.41,2425526.95,243,92.41,26238,18490.0,2.0,92.47,US,TLT,200.0,11:07,11:07 AM,-93.45,-0.013657703798548882
98,92.446,92.465,2022-10-24,92.47,92.42,92.45,92.44,92.475,92.42,3894548.29,357,92.44,42123,46223.0,5.0,92.42,US,TLT,500.0,11:08,11:08 AM,-93.446,-0.013551002987622664
99,92.3813,92.38,2022-10-24,92.385,92.38,92.41,92.41,92.45,92.37,4597968.12,461,92.45,49754,36952.5,3.0,92.38,US,TLT,400.0,11:09,11:09 AM,-93.3813,-0.013977806231327383
100,92.38,92.38,2022-10-24,92.38,92.38,92.41,92.46,92.46,92.35,4331370.67,390,92.41,46863,9238.0,1.0,92.38,US,TLT,100.0,11:10,11:10 AM,-93.38,-0.013977806231327383
101,92.5013,92.54,2022-10-24,92.54,92.46,92.52,92.54,92.56,92.42,10593582.75,784,92.45,114497,37000.5,4.0,92.46,US,TLT,400.0,11:11,11:11 AM,-93.5013,-0.012804097311139595
102,,,2022-10-24,,,92.5,92.5,92.535,92.47,2437303.96,264,92.535,26349,,,,US,TLT,,11:12,11:12 AM,,-0.013017498932991879
103,,,2022-10-24,,,92.46,92.4399,92.51,92.43,4125677.75,314,92.505,44617,,,,US,TLT,,11:13,11:13 AM,,-0.013444302176696598
104,92.48,92.51,2022-10-24,92.51,92.46,92.48,92.52,92.55,92.435,7110012.24,487,92.435,76872,27744.0,3.0,92.46,US,TLT,300.0,11:14,11:14 AM,-93.48,-0.013230900554844162
105,92.6075,92.64,2022-10-24,92.64,92.57,92.62,92.6463,92.6596,92.5099,7569527.43,534,92.52,81730,37043.0,4.0,92.57,US,TLT,400.0,11:15,11:15 AM,-93.6075,-0.011737089201877873
106,92.63,92.62,2022-10-24,92.64,92.62,92.64,92.59,92.68,92.59,4967189.56,392,92.64,53611,18526.0,2.0,92.64,US,TLT,200.0,11:16,11:16 AM,-93.63,-0.01152368758002559
107,92.52,92.52,2022-10-24,92.52,92.52,92.55,92.54,92.59,92.52,2896087.32,248,92.58,31293,18504.0,2.0,92.52,US,TLT,200.0,11:17,11:17 AM,-93.52,-0.012483994878361094
108,92.54,92.54,2022-10-24,92.54,92.54,92.56,92.58,92.6,92.54,2935104.57,237,92.54,31712,18508.0,2.0,92.54,US,TLT,200.0,11:18,11:18 AM,-93.54,-0.012377294067434876
109,92.6,92.6,2022-10-24,92.6,92.6,92.6,92.61,92.63,92.56,3020821.92,347,92.56,32623,18520.0,2.0,92.6,US,TLT,200.0,11:19,11:19 AM,-93.6,-0.011950490823730309
110,92.6943,92.7,2022-10-24,92.7,92.65,92.69,92.73,92.735,92.61,6570912.81,565,92.61,70886,129772.0,14.0,92.65,US,TLT,1400.0,11:20,11:20 AM,-93.6943,-0.010990183525394805
111,92.7425,92.695,2022-10-24,92.755,92.695,92.72,92.7375,92.755,92.6889,5606589.1,566,92.715,60470,111291.0,5.0,92.71,US,TLT,1200.0,11:21,11:21 AM,-93.7425,-0.010670081092616303
112,92.77,92.76,2022-10-24,92.78,92.76,92.77,92.77,92.8,92.73,4041615.39,396,92.73,43567,18554.0,2.0,92.78,US,TLT,200.0,11:22,11:22 AM,-93.77,-0.010136577037985518
113,92.7457,92.75,2022-10-24,92.75,92.73,92.74,92.72,93.0382,92.71,18093966.0,576,92.77,194825,64922.0,6.0,92.73,US,TLT,700.0,11:23,11:23 AM,-93.7457,-0.01045667947076402
114,92.8086,92.83,2022-10-24,92.83,92.77,92.8,92.83,92.85,92.715,6098249.99,474,92.715,65719,64966.0,7.0,92.77,US,TLT,700.0,11:24,11:24 AM,-93.8086,-0.009816474605207019
115,92.8,92.81,2022-10-24,92.81,92.79,92.8,92.795,92.825,92.6907,4203623.69,423,92.825,45299,18560.0,2.0,92.79,US,TLT,200.0,11:25,11:25 AM,-93.8,-0.009816474605207019
116,92.67,92.67,2022-10-24,92.67,92.67,92.71,92.6728,92.7899,92.665,2894832.55,318,92.7899,31223,9267.0,1.0,92.67,US,TLT,100.0,11:26,11:26 AM,-93.67,-0.010776781903542521
117,92.7583,92.76,2022-10-24,92.77,92.73,92.74,92.73,92.79,92.67,5733026.06,440,92.67,61819,55655.0,6.0,92.73,US,TLT,600.0,11:27,11:27 AM,-93.7583,-0.01045667947076402
118,92.695,92.68,2022-10-24,92.71,92.68,92.73,92.69,92.79,92.68,5419096.91,476,92.73,58437,37078.0,4.0,92.71,US,TLT,400.0,11:28,11:28 AM,-93.695,-0.010563380281690087
119,92.69,92.69,2022-10-24,92.69,92.69,92.65,92.69,92.7,92.6,1849568.04,214,92.685,19964,9269.0,1.0,92.69,US,TLT,100.0,11:29,11:29 AM,-93.69,-0.011416986769099373
120,92.69,92.69,2022-10-24,92.69,92.69,92.69,92.705,92.71,92.66,1528154.77,192,92.685,16487,9269.0,1.0,92.69,US,TLT,100.0,11:30,11:30 AM,-93.69,-0.010990183525394805
121,92.735,92.77,2022-10-24,92.77,92.7,92.73,92.78,92.78,92.7,2693912.8,270,92.7091,29051,18547.0,2.0,92.7,US,TLT,200.0,11:31,11:31 AM,-93.735,-0.010563380281690087
122,92.79,92.79,2022-10-24,92.79,92.79,92.78,92.74,92.81,92.74,2260580.86,248,92.78,24365,9279.0,1.0,92.79,US,TLT,100.0,11:32,11:32 AM,-93.79,-0.010029876227059302
123,92.72,92.72,2022-10-24,92.72,92.72,92.72,92.71,92.77,92.69,2093796.61,212,92.73,22581,9272.0,1.0,92.72,US,TLT,100.0,11:33,11:33 AM,-93.72,-0.010670081092616303
124,,,2022-10-24,,,92.71,92.75,92.76,92.69,2715982.88,332,92.72,29294,,,,US,TLT,,11:34,11:34 AM,,-0.010776781903542521
125,92.7363,92.78,2022-10-24,92.78,92.73,92.76,92.775,92.81,92.71,2348361.71,246,92.755,25317,148378.0,4.0,92.73,US,TLT,1600.0,11:35,11:35 AM,-93.7363,-0.010243277848911585
126,,,2022-10-24,,,92.82,92.84,92.86,92.78,2542811.09,256,92.78,27395,,,,US,TLT,,11:36,11:36 AM,,-0.009603072983354733
127,92.87,92.87,2022-10-24,92.87,92.87,92.84,92.85,92.87,92.82,1892409.7,211,92.85,20383,37148.0,4.0,92.87,US,TLT,400.0,11:37,11:37 AM,-93.87,-0.009389671361502299
128,,,2022-10-24,,,92.83,92.86,92.87,92.7976,1860753.39,208,92.86,20045,,,,US,TLT,,11:38,11:38 AM,,-0.009496372172428517
129,92.89,92.89,2022-10-24,92.89,92.89,92.88,92.885,92.9,92.83,4194149.26,401,92.85,45158,157913.0,5.0,92.89,US,TLT,1700.0,11:39,11:39 AM,-93.89,-0.008962868117797732
130,92.88,92.88,2022-10-24,92.88,92.88,92.89,92.885,92.92,92.87,1956292.56,160,92.88,21059,18576.0,2.0,92.88,US,TLT,200.0,11:40,11:40 AM,-93.88,-0.008856167306871514
131,92.87,92.87,2022-10-24,92.87,92.87,92.89,92.88,92.9,92.86,2207430.81,198,92.89,23765,9287.0,1.0,92.87,US,TLT,100.0,11:41,11:41 AM,-93.87,-0.008856167306871514
132,,,2022-10-24,,,92.92,92.94,92.98,92.85,5622796.84,543,92.88,60511,,,,US,TLT,,11:42,11:42 AM,,-0.008536064874093013
133,92.93,92.93,2022-10-24,92.93,92.93,92.97,92.9794,93.01,92.925,6195707.83,480,92.93,66644,9293.0,1.0,92.93,US,TLT,100.0,11:43,11:43 AM,-93.93,-0.008002560819462228
134,,,2022-10-24,,,92.98,92.975,92.99,92.96,1453696.73,170,92.9775,15635,,,,US,TLT,,11:44,11:44 AM,,-0.00789586000853601
135,92.92,92.92,2022-10-24,92.92,92.92,92.94,92.965,92.98,92.89,3399371.56,292,92.98,36577,9292.0,1.0,92.92,US,TLT,100.0,11:45,11:45 AM,-93.92,-0.00832266325224073
136,93.0179,93.02,2022-10-24,93.02,92.99,93.0,93.02,93.03,92.96,8859065.71,571,92.96,95256,130225.0,2.0,92.99,US,TLT,1400.0,11:46,11:46 AM,-94.0179,-0.007682458386683726
137,93.02,93.02,2022-10-24,93.02,93.02,93.0,93.05,93.05,92.96,3799376.85,332,93.03,40851,9302.0,1.0,93.02,US,TLT,100.0,11:47,11:47 AM,-94.02,-0.007682458386683726
138,93.0776,93.11,2022-10-24,93.12,93.07,93.08,93.12,93.1301,93.04,68289687.64,2906,93.05,733675,2680635.5,40.0,93.08,US,TLT,28800.0,11:48,11:48 AM,-94.0776,-0.006828851899274441
139,93.1112,93.16,2022-10-24,93.16,93.1,93.12,93.15,93.16,93.09,14313929.55,776,93.12,153716,400378.0,26.0,93.12,US,TLT,4300.0,11:49,11:49 AM,-94.1112,-0.006402048655569721
140,93.1853,93.18,2022-10-24,93.205,93.17,93.19,93.2004,93.21,93.16,27454725.85,864,93.16,294619,885260.5,40.0,93.18,US,TLT,9500.0,11:50,11:50 AM,-94.1853,-0.005655142979086653
141,,,2022-10-24,,,93.19,93.17,93.21,93.16,41267063.79,1661,93.2,442797,,,,US,TLT,,11:51,11:51 AM,,-0.005655142979086653
142,93.2459,93.25,2022-10-24,93.26,93.17,93.24,93.25,93.26,93.16,15681178.07,1072,93.16,168185,596774.0,31.0,93.17,US,TLT,6400.0,11:52,11:52 AM,-94.2459,-0.005121638924455868
143,93.2946,93.3,2022-10-24,93.33,93.26,93.31,93.26,93.37,93.25,9354975.7,772,93.26,100252,121283.0,13.0,93.26,US,TLT,1300.0,11:53,11:53 AM,-94.2946,-0.004374733247972648
144,93.2733,93.31,2022-10-24,93.31,93.22,93.27,93.31,93.31,93.21,4898505.68,386,93.25,52524,27982.0,3.0,93.22,US,TLT,300.0,11:54,11:54 AM,-94.2733,-0.004801536491677367
145,93.2,93.19,2022-10-24,93.21,93.19,93.23,93.205,93.31,93.19,5178813.3,392,93.31,55549,55920.0,4.0,93.2,US,TLT,600.0,11:55,11:55 AM,-94.2,-0.005228339735381934
146,93.225,93.24,2022-10-24,93.25,93.2,93.23,93.21,93.25,93.2,5898809.61,413,93.205,63274,74580.0,8.0,93.2,US,TLT,800.0,11:56,11:56 AM,-94.225,-0.005228339735381934
147,93.2,93.21,2022-10-24,93.21,93.19,93.21,93.255,93.255,93.19,4951325.76,526,93.205,53120,18640.0,2.0,93.19,US,TLT,200.0,11:57,11:57 AM,-94.2,-0.00544174135723437
148,93.3163,93.35,2022-10-24,93.35,93.26,93.31,93.34,93.35,93.24,8297666.24,713,93.255,88926,74653.0,8.0,93.26,US,TLT,800.0,11:58,11:58 AM,-94.3163,-0.004374733247972648
149,93.3846,93.37,2022-10-24,93.4,93.34,93.37,93.36,93.4,93.33,8919684.09,559,93.34,95533,364200.0,14.0,93.34,US,TLT,3900.0,11:59,11:59 AM,-94.3846,-0.0037345283824156456
150,93.345,93.36,2022-10-24,93.36,93.33,93.35,93.3398,93.385,93.315,6175113.3,422,93.34,66150,18669.0,2.0,93.33,US,TLT,200.0,12:00,12:00 PM,-94.345,-0.003947930004268081
151,93.3267,93.32,2022-10-24,93.34,93.32,93.34,93.31,93.38,93.3,4779266.71,341,93.33,51201,27998.0,3.0,93.32,US,TLT,300.0,12:01,12:01 PM,-94.3267,-0.004054630815194147
152,,,2022-10-24,,,93.3,93.285,93.3108,93.2801,3906151.86,263,93.31,41868,,,,US,TLT,,12:02,12:02 PM,,-0.004481434058898866
153,93.28,93.28,2022-10-24,93.28,93.28,93.27,93.28,93.29,93.255,4636654.11,414,93.29,49710,18656.0,2.0,93.28,US,TLT,200.0,12:03,12:03 PM,-94.28,-0.004801536491677367
154,93.2025,93.21,2022-10-24,93.21,93.2,93.24,93.225,93.28,93.2,8547697.48,593,93.28,91675,37281.0,4.0,93.2,US,TLT,400.0,12:04,12:04 PM,-94.2025,-0.005121638924455868
155,93.24,93.24,2022-10-24,93.24,93.24,93.26,93.3,93.3,93.225,3290265.65,345,93.23,35282,9324.0,1.0,93.24,US,TLT,100.0,12:05,12:05 PM,-94.24,-0.004908237302603433
156,93.258,93.2,2022-10-24,93.29,93.2,93.27,93.2,93.32,93.2,5091281.41,337,93.31,54589,46629.0,5.0,93.29,US,TLT,500.0,12:06,12:06 PM,-94.258,-0.004801536491677367
157,93.24,93.24,2022-10-24,93.24,93.24,93.23,93.27,93.2792,93.18,3723151.71,294,93.2003,39938,9324.0,1.0,93.24,US,TLT,100.0,12:07,12:07 PM,-94.24,-0.005228339735381934
158,93.26,93.3,2022-10-24,93.3,93.24,93.27,93.29,93.31,93.235,3992951.87,351,93.28,42810,27978.0,3.0,93.24,US,TLT,300.0,12:08,12:08 PM,-94.26,-0.004801536491677367
159,93.2586,93.25,2022-10-24,93.29,93.25,93.26,93.25,93.29,93.245,1274632.77,135,93.29,13667,65281.0,7.0,93.29,US,TLT,700.0,12:09,12:09 PM,-94.2586,-0.004908237302603433
160,93.255,93.26,2022-10-24,93.26,93.25,93.25,93.27,93.28,93.23,1842383.87,194,93.25,19757,18651.0,2.0,93.25,US,TLT,200.0,12:10,12:10 PM,-94.255,-0.005014938113529651
161,93.2582,93.25,2022-10-24,93.28,93.24,93.26,93.26,93.29,93.23,4310180.44,360,93.26,46216,102584.0,8.0,93.24,US,TLT,1100.0,12:11,12:11 PM,-94.2582,-0.004908237302603433
162,93.315,93.315,2022-10-24,93.315,93.315,93.29,93.3,93.315,93.27,1153218.37,121,93.27,12362,9331.5,1.0,93.315,US,TLT,100.0,12:12,12:12 PM,-94.315,-0.0045881348698249315
163,93.32,93.32,2022-10-24,93.32,93.32,93.31,93.31,93.325,93.29,4210587.16,209,93.3,45127,27996.0,2.0,93.32,US,TLT,300.0,12:13,12:13 PM,-94.32,-0.004374733247972648
164,,,2022-10-24,,,93.38,93.37,93.4,93.315,31493142.09,1983,93.315,337245,,,,US,TLT,,12:14,12:14 PM,,-0.0036278275714895798
165,93.3892,93.38,2022-10-24,93.4,93.345,93.41,93.3855,93.46,93.35,18268274.59,1385,93.37,195575,1344805.0,92.0,93.345,US,TLT,14400.0,12:15,12:15 PM,-94.3892,-0.0033077251387110783
166,93.3852,93.35,2022-10-24,93.42,93.35,93.38,93.36,93.42,93.35,10464814.88,660,93.38,112064,214786.0,23.0,93.38,US,TLT,2300.0,12:16,12:16 PM,-94.3852,-0.0036278275714895798
167,93.34,93.31,2022-10-24,93.37,93.31,93.35,93.3406,93.38,93.31,4271609.01,414,93.36,45760,46670.0,5.0,93.37,US,TLT,500.0,12:17,12:17 PM,-94.34,-0.003947930004268081
168,93.37,93.38,2022-10-24,93.38,93.36,93.35,93.3924,93.3924,93.32,3496416.68,275,93.3401,37453,56022.0,6.0,93.36,US,TLT,600.0,12:18,12:18 PM,-94.37,-0.003947930004268081
169,93.4119,93.415,2022-10-24,93.425,93.395,93.42,93.42,93.45,93.39,5397863.7,458,93.39,57783,74729.5,8.0,93.4,US,TLT,800.0,12:19,12:19 PM,-94.4119,-0.0032010243277848607
170,93.35,93.35,2022-10-24,93.35,93.35,93.36,93.31,93.43,93.3,5578574.97,360,93.42,59765,9335.0,1.0,93.35,US,TLT,100.0,12:20,12:20 PM,-94.35,-0.003841229193341863
171,93.34,93.34,2022-10-24,93.34,93.34,93.32,93.3301,93.34,93.31,1761954.47,169,93.31,18880,9334.0,1.0,93.34,US,TLT,100.0,12:21,12:21 PM,-94.34,-0.004268032437046583
172,93.358,93.37,2022-10-24,93.37,93.35,93.36,93.39,93.4,93.34,1323641.6,155,93.345,14177,46679.0,5.0,93.35,US,TLT,500.0,12:22,12:22 PM,-94.358,-0.003841229193341863
173,93.43,93.43,2022-10-24,93.43,93.43,93.42,93.43,93.44,93.38,8611868.69,606,93.39,92181,28029.0,3.0,93.43,US,TLT,300.0,12:23,12:23 PM,-94.43,-0.0032010243277848607
174,93.44,93.44,2022-10-24,93.44,93.44,93.45,93.475,93.48,93.425,4383663.93,347,93.43,46908,9344.0,1.0,93.44,US,TLT,100.0,12:24,12:24 PM,-94.44,-0.0028809218950063597
175,93.47,93.47,2022-10-24,93.47,93.47,93.47,93.475,93.49,93.445,4401463.5,356,93.47,47090,9347.0,1.0,93.47,US,TLT,100.0,12:25,12:25 PM,-94.47,-0.002667520273154076
176,,,2022-10-24,,,93.45,93.43,93.475,93.4246,3708981.61,282,93.475,39689,,,,US,TLT,,12:26,12:26 PM,,-0.0028809218950063597
177,93.42,93.42,2022-10-24,93.42,93.42,93.43,93.44,93.45,93.4,2325942.53,218,93.4299,24896,9342.0,1.0,93.42,US,TLT,100.0,12:27,12:27 PM,-94.42,-0.003094323516858643
178,93.4429,93.44,2022-10-24,93.45,93.44,93.47,93.45,93.5,93.43,5854225.48,481,93.45,62633,65410.0,6.0,93.45,US,TLT,700.0,12:28,12:28 PM,-94.4429,-0.002667520273154076
179,93.458,93.48,2022-10-24,93.48,93.43,93.46,93.475,93.485,93.43,2291159.12,248,93.445,24514,46729.0,5.0,93.43,US,TLT,500.0,12:29,12:29 PM,-94.458,-0.002774221084080294
180,93.4311,93.41,2022-10-24,93.45,93.4,93.43,93.43,93.48,93.385,7391352.64,515,93.475,79112,130803.5,13.0,93.43,US,TLT,1400.0,12:30,12:30 PM,-94.4311,-0.003094323516858643
181,93.445,93.46,2022-10-24,93.46,93.43,93.45,93.4898,93.49,93.42,3538714.03,198,93.4201,37871,18689.0,2.0,93.43,US,TLT,200.0,12:31,12:31 PM,-94.445,-0.0028809218950063597
182,93.486,93.51,2022-10-24,93.51,93.47,93.49,93.5,93.52,93.45,3904649.62,381,93.485,41766,46743.0,5.0,93.49,US,TLT,500.0,12:32,12:32 PM,-94.486,-0.0024541186513017924
183,93.53,93.53,2022-10-24,93.53,93.53,93.53,93.53,93.55,93.49,5237034.43,339,93.49,55994,18706.0,2.0,93.53,US,TLT,200.0,12:33,12:33 PM,-94.53,-0.0020273154075970733
184,93.4846,93.465,2022-10-24,93.495,93.465,93.5,93.485,93.53,93.46,7606905.11,442,93.525,81354,130878.5,9.0,93.49,US,TLT,1400.0,12:34,12:34 PM,-94.4846,-0.0023474178403755748
185,93.445,93.42,2022-10-24,93.475,93.42,93.44,93.4,93.475,93.4,6639297.29,374,93.475,71056,121478.5,11.0,93.475,US,TLT,1300.0,12:35,12:35 PM,-94.445,-0.0029876227059325773
186,93.41,93.41,2022-10-24,93.41,93.41,93.39,93.37,93.41,93.37,3091303.9,215,93.3994,33100,9341.0,1.0,93.41,US,TLT,100.0,12:36,12:36 PM,-94.41,-0.003521126760563362
187,93.3163,93.315,2022-10-24,93.33,93.31,93.32,93.33,93.37,93.31,5681519.0,327,93.37,60880,37326.5,4.0,93.33,US,TLT,400.0,12:37,12:37 PM,-94.3163,-0.004268032437046583
188,93.27,93.27,2022-10-24,93.27,93.27,93.29,93.2399,93.32,93.2301,5050956.75,389,93.32,54147,18654.0,2.0,93.27,US,TLT,200.0,12:38,12:38 PM,-94.27,-0.0045881348698249315
189,93.2213,93.23,2022-10-24,93.24,93.21,93.23,93.21,93.25,93.21,9167227.61,532,93.235,98327,74577.0,8.0,93.21,US,TLT,800.0,12:39,12:39 PM,-94.2213,-0.005228339735381934
190,93.194,93.2,2022-10-24,93.2,93.18,93.19,93.185,93.2102,93.17,3361715.17,237,93.2102,36074,46597.0,5.0,93.18,US,TLT,500.0,12:40,12:40 PM,-94.194,-0.005655142979086653
191,93.1722,93.17,2022-10-24,93.19,93.17,93.16,93.18,93.19,93.14,4180188.95,297,93.18,44869,83855.0,9.0,93.19,US,TLT,900.0,12:41,12:41 PM,-94.1722,-0.0059752454118651545
192,,,2022-10-24,,,93.18,93.2,93.2,93.17,1322018.86,106,93.18,14188,,,,US,TLT,,12:42,12:42 PM,,-0.005761843790012719
193,,,2022-10-24,,,93.2,93.23,93.245,93.173,2006876.37,181,93.192,21532,,,,US,TLT,,12:43,12:43 PM,,-0.005548442168160436
194,93.26,93.26,2022-10-24,93.26,93.26,93.25,93.27,93.27,93.22,3156345.58,290,93.23,33849,9326.0,1.0,93.26,US,TLT,100.0,12:44,12:44 PM,-94.26,-0.005014938113529651
195,,,2022-10-24,,,93.26,93.2499,93.286,93.2499,1410890.06,167,93.265,15128,,,,US,TLT,,12:45,12:45 PM,,-0.004908237302603433
196,93.225,93.23,2022-10-24,93.23,93.22,93.23,93.23,93.25,93.21,1579154.63,154,93.25,16939,18645.0,2.0,93.22,US,TLT,200.0,12:46,12:46 PM,-94.225,-0.005228339735381934
197,93.23,93.23,2022-10-24,93.23,93.23,93.24,93.24,93.25,93.23,498363.22,55,93.235,5345,9323.0,1.0,93.23,US,TLT,100.0,12:47,12:47 PM,-94.23,-0.005121638924455868
198,93.22,93.22,2022-10-24,93.22,93.22,93.23,93.22,93.26,93.21,3077050.82,252,93.25,33004,46610.0,5.0,93.22,US,TLT,500.0,12:48,12:48 PM,-94.22,-0.005228339735381934
199,,,2022-10-24,,,93.23,93.21,93.24,93.21,773976.92,66,93.225,8302,,,,US,TLT,,12:49,12:49 PM,,-0.005228339735381934
200,93.22,93.21,2022-10-24,93.24,93.21,93.22,93.22,93.24,93.205,3831284.65,323,93.21,41099,55932.0,6.0,93.24,US,TLT,600.0,12:50,12:50 PM,-94.22,-0.005335040546308152
201,93.22,93.22,2022-10-24,93.22,93.22,93.22,93.22,93.235,93.2,1498477.53,182,93.21,16075,27966.0,3.0,93.22,US,TLT,300.0,12:51,12:51 PM,-94.22,-0.005335040546308152
202,93.205,93.21,2022-10-24,93.21,93.2,93.21,93.2107,93.23,93.2,753890.07,65,93.225,8088,18641.0,2.0,93.2,US,TLT,200.0,12:52,12:52 PM,-94.205,-0.00544174135723437
203,93.21,93.21,2022-10-24,93.21,93.21,93.2,93.195,93.2191,93.18,1376043.33,130,93.21,14764,27963.0,3.0,93.21,US,TLT,300.0,12:53,12:53 PM,-94.21,-0.005548442168160436
204,,,2022-10-24,,,93.22,93.22,93.235,93.2,1565958.8,128,93.2,16799,,,,US,TLT,,12:54,12:54 PM,,-0.005335040546308152
205,93.205,93.18,2022-10-24,93.23,93.18,93.2,93.17,93.5,93.17,7882385.2,166,93.23,84377,18641.0,2.0,93.23,US,TLT,200.0,12:55,12:55 PM,-94.205,-0.005548442168160436
206,93.14,93.14,2022-10-24,93.14,93.14,93.16,93.1399,93.1809,93.12,4416246.56,235,93.17,47409,9314.0,1.0,93.14,US,TLT,100.0,12:56,12:56 PM,-94.14,-0.0059752454118651545
207,93.14,93.13,2022-10-24,93.155,93.13,93.14,93.13,93.155,93.13,3136817.55,134,93.14,33680,37256.0,4.0,93.155,US,TLT,400.0,12:57,12:57 PM,-94.14,-0.006188647033717438
208,93.15,93.15,2022-10-24,93.15,93.15,93.15,93.155,93.16,93.14,2437038.03,127,93.14,26164,9315.0,1.0,93.15,US,TLT,100.0,12:58,12:58 PM,-94.15,-0.006081946222791221
209,93.155,93.16,2022-10-24,93.16,93.145,93.15,93.15,93.16,93.14,1278612.68,127,93.16,13726,46577.5,5.0,93.145,US,TLT,500.0,12:59,12:59 PM,-94.155,-0.006081946222791221
210,,,2022-10-24,,,93.13,93.11,93.155,93.1001,1225402.23,175,93.15,13158,,,,US,TLT,,13:00,01:00 PM,,-0.006295347844643656
211,93.0733,93.08,2022-10-24,93.08,93.06,93.08,93.08,93.115,93.06,2712047.29,192,93.11,29137,27922.0,3.0,93.06,US,TLT,300.0,13:01,01:01 PM,-94.0733,-0.006828851899274441
212,93.11,93.11,2022-10-24,93.11,93.11,93.11,93.12,93.13,93.08,1434658.9,197,93.09,15408,18622.0,2.0,93.11,US,TLT,200.0,13:02,01:02 PM,-94.11,-0.006508749466495939
213,,,2022-10-24,,,93.14,93.14,93.17,93.115,2253232.38,218,93.12,24192,,,,US,TLT,,13:03,01:03 PM,,-0.006188647033717438
214,93.15,93.15,2022-10-24,93.15,93.15,93.14,93.15,93.16,93.12,2131322.64,169,93.14,22883,18630.0,1.0,93.15,US,TLT,200.0,13:04,01:04 PM,-94.15,-0.006188647033717438
215,,,2022-10-24,,,93.16,93.16,93.163,93.14,933434.34,101,93.16,10020,,,,US,TLT,,13:05,01:05 PM,,-0.0059752454118651545
216,93.14,93.14,2022-10-24,93.14,93.14,93.14,93.13,93.165,93.13,1735467.3,161,93.15,18633,18628.0,2.0,93.14,US,TLT,200.0,13:06,01:06 PM,-94.14,-0.006188647033717438
217,93.15,93.15,2022-10-24,93.15,93.15,93.15,93.16,93.1655,93.13,1099013.91,107,93.13,11798,18630.0,2.0,93.15,US,TLT,200.0,13:07,01:07 PM,-94.15,-0.006081946222791221
218,93.21,93.21,2022-10-24,93.21,93.21,93.2,93.2,93.22,93.15,2773431.01,255,93.1699,29760,37284.0,4.0,93.21,US,TLT,400.0,13:08,01:08 PM,-94.21,-0.005548442168160436
219,93.195,93.195,2022-10-24,93.195,93.195,93.2,93.2,93.225,93.19,1203806.9,120,93.2,12916,9319.5,1.0,93.195,US,TLT,100.0,13:09,01:09 PM,-94.195,-0.005548442168160436
220,93.17,93.17,2022-10-24,93.17,93.17,93.17,93.19,93.19,93.16,1522901.12,124,93.19,16344,9317.0,1.0,93.17,US,TLT,100.0,13:10,01:10 PM,-94.17,-0.0058685446009389365
221,93.1538,93.16,2022-10-24,93.16,93.15,93.17,93.16,93.21,93.14,2151810.61,154,93.18,23095,74523.0,6.0,93.15,US,TLT,800.0,13:11,01:11 PM,-94.1538,-0.0058685446009389365
222,,,2022-10-24,,,93.17,93.177,93.18,93.15,334842.83,39,93.15,3594,,,,US,TLT,,13:12,01:12 PM,,-0.0058685446009389365
223,93.18,93.18,2022-10-24,93.18,93.18,93.2,93.2393,93.2393,93.1701,3422100.17,240,93.1701,36718,18636.0,2.0,93.18,US,TLT,200.0,13:13,01:13 PM,-94.18,-0.005548442168160436
224,93.23,93.23,2022-10-24,93.23,93.23,93.23,93.23,93.24,93.22,997591.73,91,93.235,10700,37292.0,4.0,93.23,US,TLT,400.0,13:14,01:14 PM,-94.23,-0.005228339735381934
225,93.2167,93.21,2022-10-24,93.22,93.21,93.23,93.22,93.24,93.21,1308438.48,160,93.22,14035,27965.0,3.0,93.22,US,TLT,300.0,13:15,01:15 PM,-94.2167,-0.005228339735381934
226,93.1967,93.19,2022-10-24,93.2,93.19,93.2,93.19,93.24,93.175,4389013.68,322,93.22,47092,27959.0,3.0,93.2,US,TLT,300.0,13:16,01:16 PM,-94.1967,-0.005548442168160436
227,93.1444,93.135,2022-10-24,93.16,93.135,93.14,93.15,93.2,93.11,5972470.45,360,93.2,64114,74515.5,6.0,93.16,US,TLT,800.0,13:17,01:17 PM,-94.1444,-0.006188647033717438
228,,,2022-10-24,,,93.16,93.165,93.17,93.14,1210059.12,124,93.14,12989,,,,US,TLT,,13:18,01:18 PM,,-0.0059752454118651545
229,,,2022-10-24,,,93.17,93.17,93.17,93.16,1870997.66,171,93.165,20082,,,,US,TLT,,13:19,01:19 PM,,-0.0058685446009389365
230,93.1275,93.115,2022-10-24,93.14,93.115,93.12,93.095,93.18,93.085,3751135.29,371,93.17,40281,18625.5,2.0,93.14,US,TLT,200.0,13:20,01:20 PM,-94.1275,-0.006402048655569721
231,,,2022-10-24,,,93.09,93.07,93.1,93.07,4872705.54,443,93.095,52347,,,,US,TLT,,13:21,01:21 PM,,-0.006722151088348223
232,93.056,93.03,2022-10-24,93.07,93.03,93.05,93.025,93.08,93.025,3878434.2,297,93.075,41679,46528.0,5.0,93.06,US,TLT,500.0,13:22,01:22 PM,-94.056,-0.0071489543320529415
233,93.0378,93.03,2022-10-24,93.04,93.03,93.03,93.04,93.05,93.02,8513558.27,397,93.03,91508,316328.5,21.0,93.03,US,TLT,3400.0,13:23,01:23 PM,-94.0378,-0.007362355953905226
234,93.01,93.01,2022-10-24,93.01,93.01,93.03,93.03,93.0499,93.01,2174853.93,182,93.045,23378,9301.0,1.0,93.01,US,TLT,100.0,13:24,01:24 PM,-94.01,-0.007362355953905226
235,93.0421,93.05,2022-10-24,93.05,93.035,93.05,93.0699,93.07,93.03,5935757.57,524,93.035,63789,65129.5,7.0,93.035,US,TLT,700.0,13:25,01:25 PM,-94.0421,-0.0071489543320529415
236,,,2022-10-24,,,93.07,93.07,93.08,93.06,681469.89,98,93.08,7322,,,,US,TLT,,13:26,01:26 PM,,-0.006935552710200658
237,93.07,93.07,2022-10-24,93.07,93.07,93.06,93.04,93.07,93.03,768559.76,79,93.065,8259,9307.0,1.0,93.07,US,TLT,100.0,13:27,01:27 PM,-94.07,-0.007042253521126724
238,93.02,93.02,2022-10-24,93.02,93.02,93.03,93.035,93.0433,93.02,3279638.25,296,93.04,35254,55812.0,6.0,93.02,US,TLT,600.0,13:28,01:28 PM,-94.02,-0.007362355953905226
239,,,2022-10-24,,,93.04,93.04,93.06,93.02,5676893.27,232,93.03,61019,,,,US,TLT,,13:29,01:29 PM,,-0.007255655142979008
240,93.04,93.04,2022-10-24,93.04,93.04,93.02,93.035,93.05,93.01,5430566.62,302,93.03,58379,27912.0,3.0,93.04,US,TLT,300.0,13:30,01:30 PM,-94.04,-0.007469056764831443
241,,,2022-10-24,,,93.03,93.04,93.043,93.02,5435693.03,290,93.0306,58430,,,,US,TLT,,13:31,01:31 PM,,-0.007362355953905226
242,93.02,93.02,2022-10-24,93.02,93.02,93.02,93.02,93.0301,93.01,9196253.97,278,93.03,98868,9302.0,1.0,93.02,US,TLT,100.0,13:32,01:32 PM,-94.02,-0.007469056764831443
243,,,2022-10-24,,,93.04,93.06,93.06,93.01,3422346.49,278,93.02,36783,,,,US,TLT,,13:33,01:33 PM,,-0.007255655142979008
244,93.045,93.05,2022-10-24,93.05,93.04,93.05,93.075,93.08,93.04,1511284.23,130,93.05,16241,18609.0,2.0,93.04,US,TLT,200.0,13:34,01:34 PM,-94.045,-0.0071489543320529415
245,93.105,93.105,2022-10-24,93.105,93.105,93.09,93.1,93.11,93.075,2048233.51,172,93.08,22002,27931.5,3.0,93.105,US,TLT,300.0,13:35,01:35 PM,-94.105,-0.006722151088348223
246,93.0975,93.105,2022-10-24,93.105,93.09,93.1,93.11,93.11,93.08,1598439.46,122,93.1,17170,37239.0,4.0,93.09,US,TLT,400.0,13:36,01:36 PM,-94.0975,-0.006615450277422157
247,93.15,93.155,2022-10-24,93.155,93.145,93.14,93.19,93.195,93.11,2680071.07,231,93.11,28774,18630.0,2.0,93.145,US,TLT,200.0,13:37,01:37 PM,-94.15,-0.006188647033717438
248,93.19,93.19,2022-10-24,93.19,93.19,93.21,93.22,93.22,93.19,2280996.75,239,93.19,24472,9319.0,1.0,93.19,US,TLT,100.0,13:38,01:38 PM,-94.19,-0.00544174135723437
249,93.2188,93.23,2022-10-24,93.23,93.215,93.22,93.235,93.25,93.2,2846035.01,262,93.22,30529,37287.5,4.0,93.215,US,TLT,400.0,13:39,01:39 PM,-94.2188,-0.005335040546308152
250,93.2,93.2,2022-10-24,93.2,93.2,93.21,93.2115,93.23,93.2,2283255.99,184,93.23,24495,18640.0,2.0,93.2,US,TLT,200.0,13:40,01:40 PM,-94.2,-0.00544174135723437
251,,,2022-10-24,,,93.23,93.24,93.245,93.21,2853516.89,240,93.22,30607,,,,US,TLT,,13:41,01:41 PM,,-0.005228339735381934
252,93.25,93.25,2022-10-24,93.25,93.25,93.25,93.26,93.27,93.2319,1702534.98,190,93.244,18257,18650.0,2.0,93.25,US,TLT,200.0,13:42,01:42 PM,-94.25,-0.005014938113529651
253,93.2433,93.24,2022-10-24,93.245,93.24,93.24,93.23,93.25,93.23,1381232.99,104,93.24,14814,27973.0,3.0,93.245,US,TLT,300.0,13:43,01:43 PM,-94.2433,-0.005121638924455868
254,93.225,93.215,2022-10-24,93.24,93.21,93.22,93.215,93.24,93.21,1452448.41,131,93.23,15580,46612.5,4.0,93.24,US,TLT,500.0,13:44,01:44 PM,-94.225,-0.005335040546308152
255,,,2022-10-24,,,93.2,93.22,93.22,93.2,4883520.54,393,93.21,52396,,,,US,TLT,,13:45,01:45 PM,,-0.005548442168160436
256,93.2033,93.18,2022-10-24,93.23,93.18,93.22,93.185,93.2399,93.18,2132463.86,197,93.23,22876,27961.0,3.0,93.23,US,TLT,300.0,13:46,01:46 PM,-94.2033,-0.005335040546308152
257,,,2022-10-24,,,93.19,93.175,93.2,93.17,10328403.05,256,93.19,110833,,,,US,TLT,,13:47,01:47 PM,,-0.005655142979086653
258,93.1675,93.165,2022-10-24,93.17,93.165,93.13,93.13,93.165,93.11,2850203.83,231,93.165,30604,18633.5,2.0,93.17,US,TLT,200.0,13:48,01:48 PM,-94.1675,-0.006295347844643656
259,93.1467,93.145,2022-10-24,93.155,93.14,93.15,93.14,93.17,93.13,890189.78,108,93.13,9556,27944.0,3.0,93.155,US,TLT,300.0,13:49,01:49 PM,-94.1467,-0.006081946222791221
260,,,2022-10-24,,,93.13,93.125,93.145,93.12,418037.88,49,93.145,4489,,,,US,TLT,,13:50,01:50 PM,,-0.006295347844643656
261,93.105,93.11,2022-10-24,93.11,93.08,93.1,93.11,93.135,93.08,2629982.09,262,93.1335,28249,55863.0,6.0,93.08,US,TLT,600.0,13:51,01:51 PM,-94.105,-0.006615450277422157
262,93.135,93.135,2022-10-24,93.135,93.135,93.13,93.13,93.135,93.11,622830.07,58,93.11,6688,65194.5,1.0,93.135,US,TLT,700.0,13:52,01:52 PM,-94.135,-0.006295347844643656
263,,,2022-10-24,,,93.16,93.1591,93.185,93.13,1893929.85,184,93.13,20331,,,,US,TLT,,13:53,01:53 PM,,-0.0059752454118651545
264,,,2022-10-24,,,93.15,93.13,93.17,93.1299,785886.61,87,93.155,8437,,,,US,TLT,,13:54,01:54 PM,,-0.006081946222791221
265,,,2022-10-24,,,93.11,93.0849,93.135,93.0849,836244.75,78,93.1299,8981,,,,US,TLT,,13:55,01:55 PM,,-0.006508749466495939
266,93.1143,93.115,2022-10-24,93.115,93.11,93.11,93.12,93.12,93.1,2236762.36,202,93.1,24023,65180.0,3.0,93.11,US,TLT,700.0,13:56,01:56 PM,-94.1143,-0.006508749466495939
267,93.05,93.05,2022-10-24,93.05,93.05,93.07,93.05,93.11,93.05,3813269.57,367,93.11,40973,9305.0,1.0,93.05,US,TLT,100.0,13:57,01:57 PM,-94.05,-0.006935552710200658
268,93.0725,93.08,2022-10-24,93.08,93.05,93.06,93.08,93.08,93.04,2073098.13,156,93.055,22276,55843.5,6.0,93.05,US,TLT,600.0,13:58,01:58 PM,-94.0725,-0.007042253521126724
269,,,2022-10-24,,,93.07,93.06,93.085,93.05,1165498.94,129,93.08,12523,,,,US,TLT,,13:59,01:59 PM,,-0.006935552710200658
270,93.12,93.12,2022-10-24,93.12,93.12,93.09,93.125,93.125,93.05,1793941.6,190,93.07,19271,9312.0,1.0,93.12,US,TLT,100.0,14:00,02:00 PM,-94.12,-0.006722151088348223
271,,,2022-10-24,,,93.11,93.11,93.125,93.1,2228989.22,119,93.125,23939,,,,US,TLT,,14:01,02:01 PM,,-0.006508749466495939
272,93.12,93.12,2022-10-24,93.12,93.12,93.12,93.12,93.135,93.1,3261588.28,196,93.115,35026,18624.0,2.0,93.12,US,TLT,200.0,14:02,02:02 PM,-94.12,-0.006402048655569721
273,93.09,93.06,2022-10-24,93.12,93.06,93.1,93.06,93.13,93.05,3872433.72,221,93.13,41596,18618.0,2.0,93.12,US,TLT,200.0,14:03,02:03 PM,-94.09,-0.006615450277422157
274,,,2022-10-24,,,93.07,93.075,93.075,93.06,2868686.57,76,93.0601,30825,,,,US,TLT,,14:04,02:04 PM,,-0.006935552710200658
275,93.125,93.125,2022-10-24,93.125,93.125,93.1,93.12,93.135,93.075,5646452.96,343,93.075,60650,9312.5,1.0,93.125,US,TLT,100.0,14:05,02:05 PM,-94.125,-0.006615450277422157
276,93.1,93.1,2022-10-24,93.1,93.1,93.11,93.0971,93.12,93.095,3338134.35,172,93.11,35852,9310.0,1.0,93.1,US,TLT,100.0,14:06,02:06 PM,-94.1,-0.006508749466495939
277,93.085,93.085,2022-10-24,93.085,93.085,93.1,93.085,93.117,93.05,5957511.23,118,93.1,64016,9308.5,1.0,93.085,US,TLT,100.0,14:07,02:07 PM,-94.085,-0.006615450277422157
278,93.08,93.08,2022-10-24,93.08,93.08,93.09,93.09,93.1,93.08,1674116.73,95,93.085,17985,9308.0,1.0,93.08,US,TLT,100.0,14:08,02:08 PM,-94.08,-0.006722151088348223
279,93.1117,93.115,2022-10-24,93.115,93.11,93.1,93.115,93.12,93.085,5122945.0,432,93.085,55023,27933.5,3.0,93.11,US,TLT,300.0,14:09,02:09 PM,-94.1117,-0.006615450277422157
280,,,2022-10-24,,,93.1,93.095,93.12,93.09,2220741.55,100,93.12,23854,,,,US,TLT,,14:10,02:10 PM,,-0.006615450277422157
281,93.0988,93.085,2022-10-24,93.105,93.085,93.1,93.0882,93.105,93.08,1301953.57,109,93.095,13985,37239.5,3.0,93.105,US,TLT,400.0,14:11,02:11 PM,-94.0988,-0.006615450277422157
282,93.105,93.105,2022-10-24,93.105,93.105,93.1,93.1,93.11,93.09,807539.65,74,93.09,8674,18621.0,2.0,93.105,US,TLT,200.0,14:12,02:12 PM,-94.105,-0.006615450277422157
283,93.09,93.09,2022-10-24,93.09,93.09,93.08,93.055,93.1,93.055,1534842.0,131,93.0979,16489,37236.0,4.0,93.09,US,TLT,400.0,14:13,02:13 PM,-94.09,-0.006828851899274441
284,,,2022-10-24,,,93.07,93.065,93.075,93.06,1377770.66,133,93.06,14804,,,,US,TLT,,14:14,02:14 PM,,-0.006935552710200658
285,,,2022-10-24,,,93.06,93.053,93.07,93.05,1787861.2,107,93.06,19212,,,,US,TLT,,14:15,02:15 PM,,-0.007042253521126724
286,93.05,93.05,2022-10-24,93.05,93.05,93.05,93.05,93.06,93.04,1369008.72,157,93.06,14713,9305.0,1.0,93.05,US,TLT,100.0,14:16,02:16 PM,-94.05,-0.0071489543320529415
287,,,2022-10-24,,,93.04,93.025,93.065,93.02,1607478.76,168,93.06,17277,,,,US,TLT,,14:17,02:17 PM,,-0.007255655142979008
288,,,2022-10-24,,,93.02,93.01,93.03,93.01,2920543.32,134,93.025,31397,,,,US,TLT,,14:18,02:18 PM,,-0.007469056764831443
289,93.025,93.025,2022-10-24,93.025,93.025,93.03,93.065,93.065,93.005,2908627.41,265,93.015,31264,9302.5,1.0,93.025,US,TLT,100.0,14:19,02:19 PM,-94.025,-0.007362355953905226
290,,,2022-10-24,,,93.05,93.0447,93.07,93.03,1206397.82,98,93.07,12965,,,,US,TLT,,14:20,02:20 PM,,-0.0071489543320529415
291,93.015,93.015,2022-10-24,93.015,93.015,92.99,92.975,93.0492,92.975,3691964.26,345,93.045,39700,9301.5,1.0,93.015,US,TLT,100.0,14:21,02:21 PM,-94.015,-0.007789159197609944
292,92.9814,92.98,2022-10-24,92.99,92.98,92.98,92.99,92.99,92.94,4412489.56,388,92.975,47458,65087.0,7.0,92.98,US,TLT,700.0,14:22,02:22 PM,-93.9814,-0.00789586000853601
293,92.945,92.945,2022-10-24,92.945,92.945,92.96,92.9562,92.985,92.935,1082826.74,108,92.985,11649,9294.5,1.0,92.945,US,TLT,100.0,14:23,02:23 PM,-93.945,-0.008109261630388446
294,92.935,92.935,2022-10-24,92.935,92.935,92.94,92.933,92.945,92.93,1632335.41,100,92.94,17564,18587.0,1.0,92.935,US,TLT,200.0,14:24,02:24 PM,-93.935,-0.00832266325224073
295,92.955,92.955,2022-10-24,92.955,92.955,92.95,92.955,92.97,92.94,4144891.26,215,92.94,44592,9295.5,1.0,92.955,US,TLT,100.0,14:25,02:25 PM,-93.955,-0.008215962441314511
296,92.97,92.97,2022-10-24,92.97,92.97,92.97,92.99,92.995,92.955,943268.27,122,92.955,10146,9297.0,1.0,92.97,US,TLT,100.0,14:26,02:26 PM,-93.97,-0.008002560819462228
297,92.9975,93.0,2022-10-24,93.0,92.995,93.0,92.98,93.0,92.98,1268734.19,114,92.9999,13643,18599.5,2.0,92.995,US,TLT,200.0,14:27,02:27 PM,-93.9975,-0.007682458386683726
298,,,2022-10-24,,,93.0,92.99,93.005,92.985,435124.0,59,92.985,4679,,,,US,TLT,,14:28,02:28 PM,,-0.007682458386683726
299,92.9383,92.94,2022-10-24,92.97,92.93,92.95,92.945,92.99,92.92,1842688.01,189,92.99,19824,55763.0,6.0,92.97,US,TLT,600.0,14:29,02:29 PM,-93.9383,-0.008215962441314511
300,92.955,92.955,2022-10-24,92.955,92.955,92.97,92.98,93.74,92.94,875977.4,101,92.95,9421,18591.0,1.0,92.955,US,TLT,200.0,14:30,02:30 PM,-93.955,-0.008002560819462228
301,92.9933,92.99,2022-10-24,92.995,92.99,92.99,93.0,93.005,92.98,1720043.82,135,92.99,18497,27898.0,3.0,92.995,US,TLT,300.0,14:31,02:31 PM,-93.9933,-0.007789159197609944
302,93.02,93.02,2022-10-24,93.02,93.02,93.01,93.015,93.02,92.99,1656948.11,142,93.0,17815,9302.0,1.0,93.02,US,TLT,100.0,14:32,02:32 PM,-94.02,-0.007575757575757509
303,93.04,93.04,2022-10-24,93.04,93.04,93.02,93.03,93.055,93.0,3191005.5,132,93.0172,34302,37216.0,4.0,93.04,US,TLT,400.0,14:33,02:33 PM,-94.04,-0.007469056764831443
304,93.085,93.085,2022-10-24,93.085,93.085,93.07,93.1,93.1,93.0499,5834662.44,390,93.055,62692,37234.0,2.0,93.085,US,TLT,400.0,14:34,02:34 PM,-94.085,-0.006935552710200658
305,,,2022-10-24,,,93.1,93.11,93.115,93.0403,1259861.73,118,93.11,13533,,,,US,TLT,,14:35,02:35 PM,,-0.006615450277422157
306,93.0433,93.03,2022-10-24,93.05,93.03,93.06,93.04,93.105,93.03,1735605.53,182,93.1,18650,27913.0,3.0,93.05,US,TLT,300.0,14:36,02:36 PM,-94.0433,-0.007042253521126724
307,,,2022-10-24,,,93.04,93.065,93.07,93.03,1382709.9,137,93.04,14861,,,,US,TLT,,14:37,02:37 PM,,-0.007255655142979008
308,93.06,93.06,2022-10-24,93.06,93.06,93.06,93.07,93.07,93.04,10316996.31,206,93.065,110865,9306.0,1.0,93.06,US,TLT,100.0,14:38,02:38 PM,-94.06,-0.007042253521126724
309,,,2022-10-24,,,93.07,93.065,93.076,93.06,1423275.38,101,93.065,15293,,,,US,TLT,,14:39,02:39 PM,,-0.006935552710200658
310,93.0358,93.015,2022-10-24,93.065,93.015,93.03,93.02,93.065,93.0,3428742.04,212,93.06,36854,55821.5,3.0,93.065,US,TLT,600.0,14:40,02:40 PM,-94.0358,-0.007362355953905226
311,,,2022-10-24,,,93.0,93.02,93.0544,92.98,4526354.5,335,93.025,48670,,,,US,TLT,,14:41,02:41 PM,,-0.007682458386683726
312,93.01,93.01,2022-10-24,93.01,93.01,93.02,93.03,93.0406,93.0,3133989.07,203,93.0181,33691,9301.0,1.0,93.01,US,TLT,100.0,14:42,02:42 PM,-94.01,-0.007469056764831443
313,93.0358,93.03,2022-10-24,93.04,93.03,93.02,93.015,93.04,92.99,3114546.16,212,93.03,33482,55821.5,5.0,93.035,US,TLT,600.0,14:43,02:43 PM,-94.0358,-0.007469056764831443
314,,,2022-10-24,,,93.01,93.005,93.03,92.99,1460426.89,160,93.02,15702,,,,US,TLT,,14:44,02:44 PM,,-0.007575757575757509
315,93.0059,92.99,2022-10-24,93.015,92.99,93.0,92.99,93.015,92.98,1454619.15,156,93.005,15641,102306.5,10.0,93.015,US,TLT,1100.0,14:45,02:45 PM,-94.0059,-0.007682458386683726
316,,,2022-10-24,,,93.01,93.005,93.02,92.997,1903957.13,160,93.0,20471,,,,US,TLT,,14:46,02:46 PM,,-0.007575757575757509
317,93.02,93.02,2022-10-24,93.02,93.02,93.01,93.01,93.03,93.0,3424502.39,230,93.01,36816,83718.0,9.0,93.02,US,TLT,900.0,14:47,02:47 PM,-94.02,-0.007575757575757509
318,,,2022-10-24,,,93.0,93.0035,93.02,92.99,2075377.93,140,93.02,22315,,,,US,TLT,,14:48,02:48 PM,,-0.007682458386683726
319,93.005,93.01,2022-10-24,93.01,93.0,93.01,92.995,93.025,92.99,5530379.86,409,93.01,59462,55803.0,6.0,93.01,US,TLT,600.0,14:49,02:49 PM,-94.005,-0.007575757575757509
320,92.9638,92.96,2022-10-24,93.0,92.95,92.97,92.965,93.01,92.95,6103787.69,489,93.0,65650,148742.0,16.0,93.0,US,TLT,1600.0,14:50,02:50 PM,-93.9638,-0.008002560819462228
321,92.9638,92.97,2022-10-24,92.97,92.96,92.97,92.97,92.99,92.95,3708403.55,267,92.96,39889,74371.0,8.0,92.96,US,TLT,800.0,14:51,02:51 PM,-93.9638,-0.008002560819462228
322,92.9453,92.94,2022-10-24,92.95,92.93,92.95,92.945,92.9675,92.93,6083260.4,476,92.9675,65448,185890.5,13.0,92.945,US,TLT,2000.0,14:52,02:52 PM,-93.9453,-0.008215962441314511
323,92.8939,92.89,2022-10-24,92.945,92.89,92.91,92.9,92.9762,92.89,2783604.9,220,92.9406,29961,130051.5,3.0,92.945,US,TLT,1400.0,14:53,02:53 PM,-93.8939,-0.00864276568501923
324,92.9195,92.935,2022-10-24,92.935,92.905,92.92,92.91,92.9647,92.905,3324201.51,260,92.905,35774,176547.0,16.0,92.905,US,TLT,1900.0,14:54,02:54 PM,-93.9195,-0.008536064874093013
325,,,2022-10-24,,,92.9,92.9,92.92,92.885,4124971.46,384,92.91,44400,,,,US,TLT,,14:55,02:55 PM,,-0.008749466495945296
326,92.87,92.86,2022-10-24,92.89,92.86,92.87,92.86,92.9265,92.86,4802937.48,374,92.89,51717,46435.0,5.0,92.89,US,TLT,500.0,14:56,02:56 PM,-93.87,-0.009069568928723798
327,92.88,92.88,2022-10-24,92.88,92.88,92.88,92.88,92.89,92.8605,3760542.48,206,92.87,40491,27864.0,3.0,92.88,US,TLT,300.0,14:57,02:57 PM,-93.88,-0.008962868117797732
328,92.9054,92.94,2022-10-24,92.94,92.86,92.9,92.9,92.94,92.85,10072322.87,627,92.88,108420,260135.0,10.0,92.86,US,TLT,2800.0,14:58,02:58 PM,-93.9054,-0.008749466495945296
329,-1.0,,2022-10-24,-1.0,-1.0,92.89,92.9,92.915,92.87,3410439.31,267,92.9,36714,,,,US,TLT,,14:59,02:59 PM,,-0.008856167306871514
330,92.955,93.0,2022-10-24,93.0,92.91,92.94,93.0,93.005,92.9099,5057525.65,369,92.91,54416,55773.0,6.0,92.91,US,TLT,600.0,15:00,03:00 PM,-93.955,-0.00832266325224073
331,92.995,92.995,2022-10-24,92.995,92.995,92.99,92.9099,93.005,92.9099,2090488.87,223,93.005,22482,9299.5,1.0,92.995,US,TLT,100.0,15:01,03:01 PM,-93.995,-0.007789159197609944
332,92.98,92.98,2022-10-24,92.98,92.98,92.98,92.9825,93.0,92.96,2147899.05,177,92.985,23100,9298.0,1.0,92.98,US,TLT,100.0,15:02,03:02 PM,-93.98,-0.00789586000853601
333,92.9865,92.985,2022-10-24,92.99,92.985,92.99,92.9486,93.005,92.9486,2070059.87,205,92.99,22262,120882.5,8.0,92.985,US,TLT,1300.0,15:03,03:03 PM,-93.9865,-0.007789159197609944
334,92.95,92.95,2022-10-24,92.95,92.95,92.97,92.95,92.99,92.95,6940154.94,458,92.985,74651,9295.0,1.0,92.95,US,TLT,100.0,15:04,03:04 PM,-93.95,-0.008002560819462228
335,,,2022-10-24,,,92.9,92.881,92.955,92.8697,3302929.69,249,92.955,35554,,,,US,TLT,,15:05,03:05 PM,,-0.008749466495945296
336,,,2022-10-24,,,92.86,92.848,92.93,92.8,9893460.96,813,92.885,106539,,,,US,TLT,,15:06,03:06 PM,,-0.009176269739650016
337,92.839,92.83,2022-10-24,92.855,92.83,92.84,92.82,92.86,92.805,2648443.79,281,92.84,28528,46419.5,5.0,92.83,US,TLT,500.0,15:07,03:07 PM,-93.839,-0.009389671361502299
338,,,2022-10-24,,,92.83,92.82,92.86,92.81,2148960.05,144,92.825,23148,,,,US,TLT,,15:08,03:08 PM,,-0.009496372172428517
339,92.7855,92.79,2022-10-24,92.79,92.77,92.78,92.78,92.8915,92.77,3604132.37,306,92.8915,38844,102064.0,8.0,92.78,US,TLT,1100.0,15:09,03:09 PM,-93.7855,-0.010029876227059302
340,92.8039,92.795,2022-10-24,92.815,92.775,92.79,92.73,92.83,92.73,5374622.34,526,92.775,57923,83523.5,9.0,92.775,US,TLT,900.0,15:10,03:10 PM,-93.8039,-0.009923175416133084
341,92.7226,92.715,2022-10-24,92.73,92.715,92.72,92.73,92.82,92.705,38175683.69,471,92.73,411400,305984.5,31.0,92.72,US,TLT,3300.0,15:11,03:11 PM,-93.7226,-0.010670081092616303
342,92.7491,92.765,2022-10-24,92.78,92.725,92.74,92.765,92.78,92.72,2426363.2,258,92.725,26162,306072.0,30.0,92.725,US,TLT,3300.0,15:12,03:12 PM,-93.7491,-0.01045667947076402
343,92.764,92.765,2022-10-24,92.77,92.755,92.76,92.74,92.78,92.74,3066871.81,238,92.765,33064,46382.0,5.0,92.77,US,TLT,500.0,15:13,03:13 PM,-93.764,-0.010243277848911585
344,92.7418,92.735,2022-10-24,92.755,92.735,92.75,92.74,92.765,92.735,2334352.39,210,92.74,25169,176209.5,19.0,92.74,US,TLT,1900.0,15:14,03:14 PM,-93.7418,-0.010349978659837803
345,92.7411,92.745,2022-10-24,92.745,92.73,92.74,92.7,92.77,92.6979,3589876.78,319,92.74,38712,176208.0,17.0,92.73,US,TLT,1900.0,15:15,03:15 PM,-93.7411,-0.01045667947076402
346,92.6247,92.65,2022-10-24,92.65,92.61,92.64,92.65,92.7184,92.61,4825810.2,476,92.69,52092,148199.5,16.0,92.62,US,TLT,1600.0,15:16,03:16 PM,-93.6247,-0.01152368758002559
347,92.667,92.69,2022-10-24,92.69,92.635,92.67,92.69,92.715,92.61,9460611.73,717,92.66,102086,250201.0,27.0,92.655,US,TLT,2700.0,15:17,03:17 PM,-93.667,-0.011203585147247088
348,92.6695,92.62,2022-10-24,92.69,92.62,92.66,92.64,92.7,92.615,4029050.89,336,92.69,43486,194606.0,21.0,92.69,US,TLT,2100.0,15:18,03:18 PM,-93.6695,-0.011310285958173306
349,92.6294,92.615,2022-10-24,92.64,92.615,92.63,92.62,92.6765,92.61,2341171.27,200,92.64,25276,74103.5,8.0,92.635,US,TLT,800.0,15:19,03:19 PM,-93.6294,-0.011630388390951808
350,92.625,92.625,2022-10-24,92.625,92.625,92.62,92.625,92.635,92.61,1515898.38,182,92.615,16366,101887.5,11.0,92.625,US,TLT,1100.0,15:20,03:20 PM,-93.625,-0.011737089201877873
351,92.6465,92.665,2022-10-24,92.665,92.625,92.65,92.64,92.68,92.62,55638525.6,381,92.63,600472,185293.0,20.0,92.625,US,TLT,2000.0,15:21,03:21 PM,-93.6465,-0.011416986769099373
352,92.655,92.665,2022-10-24,92.665,92.645,92.66,92.65,92.68,92.635,5089193.57,298,92.635,54929,185310.0,20.0,92.645,US,TLT,2000.0,15:22,03:22 PM,-93.655,-0.011310285958173306
353,92.625,92.625,2022-10-24,92.625,92.625,92.62,92.63,92.66,92.61,26963238.16,270,92.65,291008,240825.0,26.0,92.625,US,TLT,2600.0,15:23,03:23 PM,-93.625,-0.011737089201877873
354,92.6207,92.615,2022-10-24,92.63,92.6,92.62,92.62,92.6403,92.6,2360883.11,206,92.63,25490,194503.5,21.0,92.63,US,TLT,2100.0,15:24,03:24 PM,-93.6207,-0.011737089201877873
355,92.6157,92.625,2022-10-24,92.625,92.605,92.61,92.62,92.6394,92.6,1493733.79,174,92.62,16129,213016.0,23.0,92.61,US,TLT,2300.0,15:25,03:25 PM,-93.6157,-0.011843790012804091
356,92.5978,92.55,2022-10-24,92.62,92.55,92.59,92.585,92.6201,92.55,2952316.33,320,92.6201,31887,277793.5,29.0,92.62,US,TLT,3000.0,15:26,03:26 PM,-93.5978,-0.012057191634656374
357,,,2022-10-24,,,92.6,92.61,92.62,92.585,1456377.34,179,92.585,15727,,,,US,TLT,,15:27,03:27 PM,,-0.011950490823730309
358,92.6081,92.62,2022-10-24,92.62,92.585,92.63,92.615,92.66,92.6,3491291.88,296,92.61,37691,314867.5,34.0,92.585,US,TLT,3400.0,15:28,03:28 PM,-93.6081,-0.011630388390951808
359,92.5989,92.59,2022-10-24,92.615,92.59,92.6,92.595,92.615,92.5814,4429556.78,439,92.615,47836,129638.5,9.0,92.615,US,TLT,1400.0,15:29,03:29 PM,-93.5989,-0.011950490823730309
360,92.5696,92.555,2022-10-24,92.59,92.555,92.57,92.555,92.6009,92.54,4258558.94,370,92.5902,46005,120340.5,13.0,92.59,US,TLT,1300.0,15:30,03:30 PM,-93.5696,-0.01227059325650881
361,92.5738,92.575,2022-10-24,92.585,92.565,92.57,92.58,92.59,92.555,3136600.92,288,92.555,33883,305493.5,33.0,92.565,US,TLT,3300.0,15:31,03:31 PM,-93.5738,-0.01227059325650881
362,92.5844,92.595,2022-10-24,92.6,92.57,92.59,92.595,92.61,92.57,2125617.85,265,92.585,22958,249978.0,27.0,92.585,US,TLT,2700.0,15:32,03:32 PM,-93.5844,-0.012057191634656374
363,,,2022-10-24,,,92.55,92.5342,92.5905,92.53,5988929.66,476,92.59,64709,,,,US,TLT,,15:33,03:33 PM,,-0.012483994878361094
364,92.5487,92.55,2022-10-24,92.56,92.535,92.56,92.535,92.565,92.535,7103288.85,539,92.535,76745,212862.0,23.0,92.535,US,TLT,2300.0,15:34,03:34 PM,-93.5487,-0.012377294067434876
365,,,2022-10-24,,,92.55,92.575,92.58,92.525,5658999.28,384,92.53,61143,,,,US,TLT,,15:35,03:35 PM,,-0.012483994878361094
366,92.5735,92.595,2022-10-24,92.595,92.56,92.58,92.62,92.625,92.5598,3926737.78,359,92.5707,42416,277720.5,30.0,92.565,US,TLT,3000.0,15:36,03:36 PM,-93.5735,-0.012163892445582592
367,92.6241,92.625,2022-10-24,92.63,92.615,92.62,92.625,92.63,92.61,3404391.15,312,92.615,36756,509432.5,53.0,92.615,US,TLT,5500.0,15:37,03:37 PM,-93.6241,-0.011737089201877873
368,92.6225,92.615,2022-10-24,92.625,92.615,92.62,92.615,92.635,92.5696,8366345.49,646,92.62,90331,1092946.0,68.0,92.615,US,TLT,11800.0,15:38,03:38 PM,-93.6225,-0.011737089201877873
369,92.6302,92.625,2022-10-24,92.665,92.61,92.63,92.62,92.67,92.6,19959025.74,1344,92.6,215473,250101.5,18.0,92.61,US,TLT,2700.0,15:39,03:39 PM,-93.6302,-0.011630388390951808
370,92.6285,92.62,2022-10-24,92.635,92.62,92.63,92.62,92.639,92.62,2776108.61,249,92.625,29970,120417.0,13.0,92.625,US,TLT,1300.0,15:40,03:40 PM,-93.6285,-0.011630388390951808
371,92.645,92.655,2022-10-24,92.655,92.62,92.63,92.6501,92.66,92.61,5726415.11,270,92.62,61810,64851.5,7.0,92.62,US,TLT,700.0,15:41,03:41 PM,-93.645,-0.011630388390951808
372,92.6571,92.665,2022-10-24,92.665,92.65,92.66,92.66,92.68,92.6325,4988114.37,321,92.66,53830,129720.0,12.0,92.665,US,TLT,1400.0,15:42,03:42 PM,-93.6571,-0.011310285958173306
373,92.65,92.65,2022-10-24,92.65,92.65,92.66,92.659,92.665,92.6374,5363373.99,307,92.66,57886,9265.0,1.0,92.65,US,TLT,100.0,15:43,03:43 PM,-93.65,-0.011310285958173306
374,92.6086,92.605,2022-10-24,92.65,92.6,92.62,92.59,92.66,92.585,6483504.75,481,92.65,70001,101869.5,10.0,92.65,US,TLT,1100.0,15:44,03:44 PM,-93.6086,-0.011737089201877873
375,92.5719,92.54,2022-10-24,92.585,92.54,92.56,92.54,92.6364,92.54,8586626.1,628,92.58,92772,148115.0,10.0,92.58,US,TLT,1600.0,15:45,03:45 PM,-93.5719,-0.012377294067434876
376,92.4873,92.48,2022-10-24,92.56,92.48,92.51,92.49,92.6043,92.47,17797047.04,1279,92.54,192375,1868243.0,126.0,92.535,US,TLT,20200.0,15:46,03:46 PM,-93.4873,-0.01291079812206566
377,92.4744,92.44,2022-10-24,92.495,92.44,92.47,92.45,92.5,92.435,6283861.36,591,92.49,67957,147959.0,14.0,92.48,US,TLT,1600.0,15:47,03:47 PM,-93.4744,-0.01333760136577038
378,92.441,92.425,2022-10-24,92.46,92.425,92.44,92.425,92.5205,92.42,6618039.65,537,92.44,71596,46220.5,5.0,92.44,US,TLT,500.0,15:48,03:48 PM,-93.441,-0.013657703798548882
379,92.4623,92.47,2022-10-24,92.47,92.44,92.46,92.47,92.5049,92.42,4472297.18,443,92.43,48369,101708.5,9.0,92.44,US,TLT,1100.0,15:49,03:49 PM,-93.4623,-0.013444302176696598
380,92.4808,92.49,2022-10-24,92.495,92.47,92.48,92.49,92.5,92.46,4504840.48,413,92.48,48714,55488.5,6.0,92.47,US,TLT,600.0,15:50,03:50 PM,-93.4808,-0.013230900554844162
381,92.435,92.44,2022-10-24,92.44,92.43,92.46,92.44,92.485,92.43,5960895.65,486,92.485,64471,36974.0,3.0,92.43,US,TLT,400.0,15:51,03:51 PM,-93.435,-0.013444302176696598
382,92.425,92.435,2022-10-24,92.44,92.4,92.42,92.445,92.45,92.4,4810725.11,445,92.44,52052,194092.5,17.0,92.43,US,TLT,2100.0,15:52,03:52 PM,-93.425,-0.013871105420401165
383,92.4225,92.43,2022-10-24,92.43,92.41,92.42,92.44,92.55,92.4,13736195.75,540,92.445,148509,92422.5,7.0,92.425,US,TLT,1000.0,15:53,03:53 PM,-93.4225,-0.013871105420401165
384,92.4294,92.435,2022-10-24,92.44,92.415,92.43,92.43,92.45,92.41,9374393.37,653,92.447,101422,83186.5,8.0,92.43,US,TLT,900.0,15:54,03:54 PM,-93.4294,-0.013764404609474947
385,,,2022-10-24,,,92.42,92.425,92.44,92.41,13525150.6,890,92.435,146347,,,,US,TLT,,15:55,03:55 PM,,-0.013871105420401165
386,92.3888,92.385,2022-10-24,92.425,92.355,92.38,92.39,92.4466,92.35,22227726.82,1274,92.42,240616,452705.0,33.0,92.425,US,TLT,4900.0,15:56,03:56 PM,-93.3888,-0.014297908664105883
387,92.4409,92.445,2022-10-24,92.465,92.395,92.43,92.45,92.47,92.385,21007219.71,1303,92.385,227281,563889.5,41.0,92.395,US,TLT,6100.0,15:57,03:57 PM,-93.4409,-0.013764404609474947
388,92.4261,92.405,2022-10-24,92.45,92.39,92.43,92.405,92.55,92.39,29223545.34,1539,92.45,316173,1025929.5,68.0,92.445,US,TLT,11100.0,15:58,03:58 PM,-93.4261,-0.013764404609474947
389,92.4279,92.43,2022-10-24,92.465,92.4,92.43,92.4,92.47,92.39,61166042.34,2744,92.405,661752,1848558.5,71.0,92.415,US,TLT,20000.0,15:59,03:59 PM,-93.4279,-0.013764404609474947
390,92.34,92.34,2022-10-24,92.34,92.34,92.38,92.34,92.42,92.34,288273180.0,95,92.41,3119850,120042.0,1.0,92.34,US,TLT,1300.0,16:00,04:00 PM,-93.34,-0.014297908664105883
